{
  "id": "1710019",
  "name": "单车。ts",
  "font_family": "iconfont",
  "css_prefix_text": "icon",
  "description": "单车。ts",
  "glyphs": [
    {
      "icon_id": "792364",
      "name": "location-定位",
      "font_class": "locationdingwei",
      "unicode": "e6b3",
      "unicode_decimal": 59059
    },
    {
      "icon_id": "1119608",
      "name": "swt-icon-公交车 (1)",
      "font_class": "swticongongjiaoche1",
      "unicode": "e627",
      "unicode_decimal": 58919
    },
    {
      "icon_id": "1459159",
      "name": "运营中心",
      "font_class": "yunyingzhongxin",
      "unicode": "e620",
      "unicode_decimal": 58912
    },
    {
      "icon_id": "7350315",
      "name": "班车，公交车，大巴车",
      "font_class": "huaban-",
      "unicode": "e66e",
      "unicode_decimal": 58990
    },
    {
      "icon_id": "9572491",
      "name": "电池",
      "font_class": "IOTtubiao_huabanfuben",
      "unicode": "e61a",
      "unicode_decimal": 58906
    },
    {
      "icon_id": "19705135",
      "name": "饼图",
      "font_class": "piechart",
      "unicode": "ebc9",
      "unicode_decimal": 60361
    },
    {
      "icon_id": "20733763",
      "name": "展开折叠",
      "font_class": "zhankaizhedie",
      "unicode": "e615",
      "unicode_decimal": 58901
    },
    {
      "icon_id": "9319725",
      "name": "关  闭",
      "font_class": "guanbi",
      "unicode": "e602",
      "unicode_decimal": 58882
    }
  ]
}
